[

    {
        "pk": 1, 
        "model": "sites.site", 
        "fields": {
            "domain": "example.com", 
            "name": "example.com"
        }
    }, 
    {
        "pk": 1, 
        "model": "admin.logentry", 
        "fields": {
            "action_flag": 2, 
            "action_time": "2010-07-23 08:29:50", 
            "object_repr": "Request for: (Ksi\u0119ga robot\u00f3w) B\u0119d\u0105c robotem w wielkiej korpo", 
            "object_id": "1", 
            "change_message": "Changed info.", 
            "user": 2, 
            "content_type": 23
        }
    }, 
    {
        "pk": 1, 
        "model": "baseapp.emaillog", 
        "fields": {
            "body": "Welcome!\n\nYou have rented Ksi\u0119ga robot\u00f3w by Stanis\u0142aw Lem. You can keep it until TODO: what should I put here?.\n\nHave a nice lecture!\n\nPlease do not reply for this email.\n\nLibrary staff.\n", 
            "subject": "NSN library notification", 
            "sent_date": "2010-07-22 15:54:47", 
            "sender": "NSN library <no-reply@library.nsn.wroc.pl>", 
            "receiver": "Librariano \u015amietano <librarian@bestbook.travel>"
        }
    }, 
    {
        "pk": 2, 
        "model": "baseapp.emaillog", 
        "fields": {
            "body": "Welcome!\n\nYou have reserved Ogniem i mieczem by Adam Mickiewicz, Heniu Sienkiewicz, Stanis\u0142aw Lem. You can rent it until 2010-07-26. \n\nPlease come and rent.\n\nPlease do not reply for this email.\n\nLibrary staff.\n", 
            "subject": "NSN library notification", 
            "sent_date": "2010-07-22 15:55:17", 
            "sender": "NSN library <no-reply@library.nsn.wroc.pl>", 
            "receiver": "Librariano \u015amietano <librarian@bestbook.travel>"
        }
    }, 



    
    {
        "pk": 1, 
        "model": "baseapp.phonetype", 
        "fields": {
            "verify_re": "(\\+?\\d{2,3})?.?\\d{3}-\\d{3}-\\d{3}", 
            "name": "Mobile", 
            "description": "For mobiles"
        }
    }, 
    {
        "pk": 2, 
        "model": "baseapp.phonetype", 
        "fields": {
            "verify_re": "[\\d\\w\\-_.]+", 
            "name": "Skype", 
            "description": "Skype identifiers"
        }
    }, 
    {
        "pk": 1, 
        "model": "baseapp.phone", 
        "fields": {
            "type": 1, 
            "value": "432-765-098"
        }
    }, 
    {
        "pk": 2, 
        "model": "baseapp.phone", 
        "fields": {
            "type": 2, 
            "value": "superadmino.superdominko"
        }
    }, 
    {
        "pk": 3, 
        "model": "baseapp.phone", 
        "fields": {
            "type": 1, 
            "value": "333-444-555"
        }
    }, 
    {
        "pk": 4, 
        "model": "baseapp.phone", 
        "fields": {
            "type": 2, 
            "value": "admino.dominko"
        }
    }, 
    {
        "pk": 5, 
        "model": "baseapp.phone", 
        "fields": {
            "type": 1, 
            "value": "200-300-400"
        }
    }, 
    {
        "pk": 6, 
        "model": "baseapp.phone", 
        "fields": {
            "type": 2, 
            "value": "smietana12"
        }
    }, 
    {
        "pk": 7, 
        "model": "baseapp.phone", 
        "fields": {
            "type": 2, 
            "value": "grzesiu.brzeczy"
        }
    }, 
    {
        "pk": 1, 
        "model": "baseapp.userprofile", 
        "fields": {
            "building": 1, 
            "phone": [
                1, 
                2
            ], 
            "user": 1, 
            "shoe_size": null
        }
    }, 
    {
        "pk": 2, 
        "model": "baseapp.userprofile", 
        "fields": {
            "building": 1, 
            "phone": [
                3, 
                4
            ], 
            "user": 2, 
            "shoe_size": null
        }
    }, 
    {
        "pk": 3, 
        "model": "baseapp.userprofile", 
        "fields": {
            "building": 2, 
            "phone": [
                5, 
                6
            ], 
            "user": 3, 
            "shoe_size": null
        }
    }, 
    {
        "pk": 4, 
        "model": "baseapp.userprofile", 
        "fields": {
            "building": 2, 
            "phone": [
                7
            ], 
            "user": 4, 
            "shoe_size": null
        }
    }, 
    {
        "pk": 1, 
        "model": "baseapp.building", 
        "fields": {
            "remarks": "", 
            "name": "Building B"
        }
    }, 
    {
        "pk": 2, 
        "model": "baseapp.building", 
        "fields": {
            "remarks": "", 
            "name": "Building A"
        }
    }, 
    {
        "pk": 1, 
        "model": "baseapp.location", 
        "fields": {
            "building": 2, 
            "remarks": "W remoncie", 
            "maintainer": [2, 3], 
            "details": "Room 2"
        }
    }, 
    {
        "pk": 2, 
        "model": "baseapp.location", 
        "fields": {
            "building": 2, 
            "remarks": "", 
            "maintainer": [], 
            "details": "Room 1"
        }
    }, 
    {
        "pk": 1, 
        "model": "baseapp.state", 
        "fields": {
            "is_visible": true, 
            "is_available": true, 
            "name": "OK"
        }
    }, 
    {
        "pk": 2, 
        "model": "baseapp.state", 
        "fields": {
            "is_visible": true, 
            "is_available": true, 
            "name": "Bought & Arrived"
        }
    }, 
    {
        "pk": 3, 
        "model": "baseapp.state", 
        "fields": {
            "is_visible": true, 
            "is_available": false, 
            "name": "Lost"
        }
    }, 
    {
        "pk": 1, 
        "model": "baseapp.publisher", 
        "fields": {
            "name": "Atlas Press"
        }
    }, 
    {
        "pk": 2, 
        "model": "baseapp.publisher", 
        "fields": {
            "name": "Book Works"
        }
    }, 
    {
        "pk": 3, 
        "model": "baseapp.publisher", 
        "fields": {
            "name": "City Lights Publishers"
        }
    }, 
    {
        "pk": 4, 
        "model": "baseapp.publisher", 
        "fields": {
            "name": "Firebrand Books"
        }
    }, 
    {
        "pk": 5, 
        "model": "baseapp.publisher", 
        "fields": {
            "name": "Holland Park Press"
        }
    }, 
    {
        "pk": 6, 
        "model": "baseapp.publisher", 
        "fields": {
            "name": "Indiana University Press"
        }
    }, 
    {
        "pk": 7, 
        "model": "baseapp.publisher", 
        "fields": {
            "name": "Medknow Publications"
        }
    }, 
    {
        "pk": 8, 
        "model": "baseapp.publisher", 
        "fields": {
            "name": "MIT Press"
        }
    }, 
    {
        "pk": 9, 
        "model": "baseapp.publisher", 
        "fields": {
            "name": "Penguin Books UK"
        }
    }, 
    {
        "pk": 1, 
        "model": "baseapp.author", 
        "fields": {
            "name": "Adam Mickiewicz"
        }
    }, 
    {
        "pk": 2, 
        "model": "baseapp.author", 
        "fields": {
            "name": "Heniu Sienkiewicz"
        }
    }, 
    {
        "pk": 3, 
        "model": "baseapp.author", 
        "fields": {
            "name": "Stanis\u0142aw Lem"
        }
    }, 
    {
        "pk": 1, 
        "model": "baseapp.category", 
        "fields": {
            "name": "Comics"
        }
    }, 
    {
        "pk": 2, 
        "model": "baseapp.category", 
        "fields": {
            "name": "History"
        }
    }, 
    {
        "pk": 3, 
        "model": "baseapp.category", 
        "fields": {
            "name": "Sci-Fi"
        }
    }, 
    {
        "pk": 4, 
        "model": "baseapp.category", 
        "fields": {
            "name": "Thriller"
        }
    }, 
    {
        "pk": 5, 
        "model": "baseapp.category", 
        "fields": {
            "name": "Horror"
        }
    }, 
    {
        "pk": 6, 
        "model": "baseapp.category", 
        "fields": {
            "name": "Fantasy"
        }
    }, 
    {
        "pk": 1, 
        "model": "baseapp.book", 
        "fields": {
            "category": [
                2, 
                4, 
                5
            ], 
            "author": [
                1, 
                2, 
                3
            ], 
            "title": "Ogniem i mieczem"
        }
    }, 
    {
        "pk": 2, 
        "model": "baseapp.book", 
        "fields": {
            "category": [
                3, 
                5
            ], 
            "author": [
                3
            ], 
            "title": "Ksi\u0119ga robot\u00f3w"
        }
    }, 
    {
        "pk": 1, 
        "model": "baseapp.bookrequest", 
        "fields": {
            "info": "B\u0119d\u0105c robotem w wielkiej korporacji, dobrze wiedzie\u0107 co\u015b o swoich obowi\u0105zkach.\r\n", 
            "who": 3, 
            "when": "2010-07-22 15:54:29", 
            "book": 2
        }
    }, 
    {
        "pk": 1, 
        "model": "baseapp.costcenter", 
        "fields": {
            "name": "Good deal"
        }
    }, 
    {
        "pk": 2, 
        "model": "baseapp.costcenter", 
        "fields": {
            "name": "Profit"
        }
    }, 
    {
        "pk": 1, 
        "model": "baseapp.bookcopy", 
        "fields": {
            "publisher": 4, 
            "description": "Dmwt xdrs ubif bejglp orla jk ", 
            "shelf_mark": 275136651, 
            "toc_url": "", 
            "publication_nr": 9, 
            "state": 3, 
            "book": 2, 
            "location": 1, 
            "description_url": "", 
            "year": 1959, 
            "toc": "", 
            "cost_center": 2
        }
    }, 
    {
        "pk": 2, 
        "model": "baseapp.bookcopy", 
        "fields": {
            "publisher": 5, 
            "description": "Otwas lraw xn ysuw bhbn ah nnm", 
            "shelf_mark": 218237006, 
            "toc_url": "", 
            "publication_nr": 9, 
            "state": 2, 
            "book": 1, 
            "location": 2, 
            "description_url": "", 
            "year": 1984, 
            "toc": "", 
            "cost_center": 1
        }
    }, 
    {
        "pk": 3, 
        "model": "baseapp.bookcopy", 
        "fields": {
            "publisher": 3, 
            "description": "Dceonw b i yg g pvbw vz rbqp m", 
            "shelf_mark": 595138997, 
            "toc_url": "", 
            "publication_nr": 4, 
            "state": 3, 
            "book": 1, 
            "location": 1, 
            "description_url": "", 
            "year": 2000, 
            "toc": "", 
            "cost_center": 2
        }
    }, 
    {
        "pk": 4, 
        "model": "baseapp.bookcopy", 
        "fields": {
            "publisher": 8, 
            "description": "V pbdp fjue kycb xpqm am cib i", 
            "shelf_mark": 830262752, 
            "toc_url": "", 
            "publication_nr": 2, 
            "state": 2, 
            "book": 1, 
            "location": 2, 
            "description_url": "", 
            "year": 1905, 
            "toc": "", 
            "cost_center": 2
        }
    }, 
    {
        "pk": 5, 
        "model": "baseapp.bookcopy", 
        "fields": {
            "publisher": 7, 
            "description": "Gnfe n xxpfj i dopir pjy bfcig", 
            "shelf_mark": 498096051, 
            "toc_url": "", 
            "publication_nr": 5, 
            "state": 1, 
            "book": 2, 
            "location": 1, 
            "description_url": "", 
            "year": 1936, 
            "toc": "", 
            "cost_center": 1
        }
    }, 
    {
        "pk": 1, 
        "model": "baseapp.reservation", 
        "fields": {
            "when_reserved": "2010-07-22 15:54:47", 
            "who_reserved": 3, 
            "end_date": "2010-07-22", 
            "book_copy": 3, 
            "for_whom": 3, 
            "active_since": null, 
            "who_cancelled": null, 
            "when_cancelled": null, 
            "start_date": "2010-07-22"
        }
    }, 
    {
        "pk": 2, 
        "model": "baseapp.reservation", 
        "fields": {
            "when_reserved": "2010-07-22 15:55:10", 
            "who_reserved": 3, 
            "end_date": "2010-09-22", 
            "book_copy": 4, 
            "for_whom": 3, 
            "active_since": null, 
            "who_cancelled": null, 
            "when_cancelled": null, 
            "start_date": "2010-09-15"
        }
    }, 
    {
        "pk": 1, 
        "model": "baseapp.rental", 
        "fields": {
            "reservation": 1, 
            "who_received": null, 
            "who_handed_out": 3, 
            "start_date": "2010-07-22 00:00:00", 
            "end_date": null
        }
    },

    

    {
        "pk": 1, 
        "model": "auth.user", 
        "fields": {
            "username": "superadmin", 
            "first_name": "Superadmino", 
            "last_name": "Superdomino", 
            "is_active": true, 
            "is_superuser": true, 
            "is_staff": true, 
            "last_login": "2010-07-22 13:45:50", 
            "groups": [], 
            "user_permissions": [], 
            "password": "sha1$5edb3$0607ea730ce2c668b416104fb384b86b91a123b2", 
            "email": "master-over-masters@super.net", 
            "date_joined": "2010-07-22 13:45:50"
        }
    }, 
    {
        "pk": 2, 
        "model": "auth.user", 
        "fields": {
            "username": "admin", 
            "first_name": "Admino", 
            "last_name": "Domino", 
            "is_active": true, 
            "is_superuser": false, 
            "is_staff": true, 
            "last_login": "2010-07-23 08:33:06", 
            "groups": [
                1, 
                3
            ], 
            "user_permissions": [], 
            "password": "sha1$ef29d$5e0e8c772b72d589970e28d869743ddad7d2bece", 
            "email": "domin@bosses.net", 
            "date_joined": "2010-07-22 13:45:50"
        }
    }, 
    {
        "pk": 3, 
        "model": "auth.user", 
        "fields": {
            "username": "lib", 
            "first_name": "Librariano", 
            "last_name": "\u015amietano", 
            "is_active": true, 
            "is_superuser": false, 
            "is_staff": false, 
            "last_login": "2010-07-22 15:26:04", 
            "groups": [
                1, 
                2
            ], 
            "user_permissions": [], 
            "password": "sha1$ee161$f6877a69c6cfeb89ebc38750be9b55828dd76959", 
            "email": "librarian@bestbook.travel", 
            "date_joined": "2010-07-22 13:45:50"
        }
    }, 
    {
        "pk": 4, 
        "model": "auth.user", 
        "fields": {
            "username": "user", 
            "first_name": "Grzegorz", 
            "last_name": "Brz\u0119czyszczykiewicz", 
            "is_active": true, 
            "is_superuser": false, 
            "is_staff": false, 
            "last_login": "2010-07-22 13:56:37", 
            "groups": [
                1
            ], 
            "user_permissions": [], 
            "password": "sha1$3d556$931160b862d41360b1528ae63c9d4d5cc6a35814", 
            "email": "grzegorz.brz@smigamy.com", 
            "date_joined": "2010-07-22 13:45:50"
        }
    }

]
